modelRefName,modelDisName
waterBuffalo,waterBuffalo_gn_L01
waterBuffalo,waterBuffalo_gn_L02
waterBuffalo,waterBuffalo_gn_L03
waterBuffalo,waterBuffalo_gn_L04
waterBuffalo,waterBuffalo_gn_L05
waterBuffalo,waterBuffalo_qp_L01
waterBuffalo,waterBuffalo_qp_L02
waterBuffalo,waterBuffalo_qp_L03
waterBuffalo,waterBuffalo_qp_L04
waterBuffalo,waterBuffalo_qp_L05
waterBuffalo,waterBuffalo_qpqt_L01
waterBuffalo,waterBuffalo_qpqt_L02
waterBuffalo,waterBuffalo_qpqt_L03
waterBuffalo,waterBuffalo_qpqt_L04
waterBuffalo,waterBuffalo_qpqt_L05
waterBuffalo,waterBuffalo_qpqt_L06
waterBuffalo,waterBuffalo_simp_L01
waterBuffalo,waterBuffalo_simp_L02
waterBuffalo,waterBuffalo_simp_L03
waterBuffalo,waterBuffalo_simp_L04
waterBuffalo,waterBuffalo_simp_L05
waterBuffalo,waterBuffalo_simpNoTex_L01
waterBuffalo,waterBuffalo_simpNoTex_L02
waterBuffalo,waterBuffalo_simpNoTex_L03
waterBuffalo,waterBuffalo_simpNoTex_L04
waterBuffalo,waterBuffalo_ds_L01
waterBuffalo,waterBuffalo_ds_L02
waterBuffalo,waterBuffalo_ds_L03
waterBuffalo,waterBuffalo_ds_L04
waterBuffalo,waterBuffalo_ds_L05
waterBuffalo,waterBuffalo_JPEG_L01
waterBuffalo,waterBuffalo_JPEG_L02
waterBuffalo,waterBuffalo_JPEG_L03
waterBuffalo,waterBuffalo_JPEG_L04
waterBuffalo,waterBuffalo_JPEG_L05
waterBuffalo,waterBuffalo_JPEG_L06
waterBuffalo,waterBuffalo_qpqtJPEG_L01
waterBuffalo,waterBuffalo_qpqtJPEG_L02
waterBuffalo,waterBuffalo_qpqtJPEG_L03
waterBuffalo,waterBuffalo_qpqtJPEG_L04
waterBuffalo,waterBuffalo_qpqtJPEG_L05
waterBuffalo,waterBuffalo_qpqtJPEG_L06
waterBuffalo,waterBuffalo_qpqtJPEG_L07
waterBuffalo,waterBuffalo_qpqtJPEG_L08
waterBuffalo,waterBuffalo_qpqtJPEG_L09
vase,vase_gn_L01
vase,vase_gn_L02
vase,vase_gn_L03
vase,vase_gn_L04
vase,vase_gn_L05
vase,vase_qp_L01
vase,vase_qp_L02
vase,vase_qp_L03
vase,vase_qp_L04
vase,vase_qp_L05
vase,vase_qpqt_L01
vase,vase_qpqt_L02
vase,vase_qpqt_L03
vase,vase_qpqt_L04
vase,vase_qpqt_L05
vase,vase_qpqt_L06
vase,vase_simp_L01
vase,vase_simp_L02
vase,vase_simp_L03
vase,vase_simp_L04
vase,vase_simp_L05
vase,vase_simpNoTex_L01
vase,vase_simpNoTex_L02
vase,vase_simpNoTex_L03
vase,vase_simpNoTex_L04
vase,vase_ds_L01
vase,vase_ds_L02
vase,vase_ds_L03
vase,vase_ds_L04
vase,vase_ds_L05
vase,vase_JPEG_L01
vase,vase_JPEG_L02
vase,vase_JPEG_L03
vase,vase_JPEG_L04
vase,vase_JPEG_L05
vase,vase_JPEG_L06
vase,vase_qpqtJPEG_L01
vase,vase_qpqtJPEG_L02
vase,vase_qpqtJPEG_L03
vase,vase_qpqtJPEG_L04
vase,vase_qpqtJPEG_L05
vase,vase_qpqtJPEG_L06
vase,vase_qpqtJPEG_L07
vase,vase_qpqtJPEG_L08
vase,vase_qpqtJPEG_L09
wareBowl,wareBowl_gn_L01
wareBowl,wareBowl_gn_L02
wareBowl,wareBowl_gn_L03
wareBowl,wareBowl_gn_L04
wareBowl,wareBowl_gn_L05
wareBowl,wareBowl_qp_L01
wareBowl,wareBowl_qp_L02
wareBowl,wareBowl_qp_L03
wareBowl,wareBowl_qp_L04
wareBowl,wareBowl_qp_L05
wareBowl,wareBowl_qpqt_L01
wareBowl,wareBowl_qpqt_L02
wareBowl,wareBowl_qpqt_L03
wareBowl,wareBowl_qpqt_L04
wareBowl,wareBowl_qpqt_L05
wareBowl,wareBowl_qpqt_L06
wareBowl,wareBowl_simp_L01
wareBowl,wareBowl_simp_L02
wareBowl,wareBowl_simp_L03
wareBowl,wareBowl_simp_L04
wareBowl,wareBowl_simp_L05
wareBowl,wareBowl_simpNoTex_L01
wareBowl,wareBowl_simpNoTex_L02
wareBowl,wareBowl_simpNoTex_L03
wareBowl,wareBowl_simpNoTex_L04
wareBowl,wareBowl_ds_L01
wareBowl,wareBowl_ds_L02
wareBowl,wareBowl_ds_L03
wareBowl,wareBowl_ds_L04
wareBowl,wareBowl_ds_L05
wareBowl,wareBowl_JPEG_L01
wareBowl,wareBowl_JPEG_L02
wareBowl,wareBowl_JPEG_L03
wareBowl,wareBowl_JPEG_L04
wareBowl,wareBowl_JPEG_L05
wareBowl,wareBowl_JPEG_L06
wareBowl,wareBowl_qpqtJPEG_L01
wareBowl,wareBowl_qpqtJPEG_L02
wareBowl,wareBowl_qpqtJPEG_L03
wareBowl,wareBowl_qpqtJPEG_L04
wareBowl,wareBowl_qpqtJPEG_L05
wareBowl,wareBowl_qpqtJPEG_L06
wareBowl,wareBowl_qpqtJPEG_L07
wareBowl,wareBowl_qpqtJPEG_L08
wareBowl,wareBowl_qpqtJPEG_L09
bennetTomb,bennetTomb_gn_L01
bennetTomb,bennetTomb_gn_L02
bennetTomb,bennetTomb_gn_L03
bennetTomb,bennetTomb_gn_L04
bennetTomb,bennetTomb_gn_L05
bennetTomb,bennetTomb_qp_L01
bennetTomb,bennetTomb_qp_L02
bennetTomb,bennetTomb_qp_L03
bennetTomb,bennetTomb_qp_L04
bennetTomb,bennetTomb_qp_L05
bennetTomb,bennetTomb_qpqt_L01
bennetTomb,bennetTomb_qpqt_L02
bennetTomb,bennetTomb_qpqt_L03
bennetTomb,bennetTomb_qpqt_L04
bennetTomb,bennetTomb_qpqt_L05
bennetTomb,bennetTomb_qpqt_L06
bennetTomb,bennetTomb_simp_L01
bennetTomb,bennetTomb_simp_L02
bennetTomb,bennetTomb_simp_L03
bennetTomb,bennetTomb_simp_L04
bennetTomb,bennetTomb_simp_L05
bennetTomb,bennetTomb_simpNoTex_L01
bennetTomb,bennetTomb_simpNoTex_L02
bennetTomb,bennetTomb_simpNoTex_L03
bennetTomb,bennetTomb_simpNoTex_L04
bennetTomb,bennetTomb_ds_L01
bennetTomb,bennetTomb_ds_L02
bennetTomb,bennetTomb_ds_L03
bennetTomb,bennetTomb_ds_L04
bennetTomb,bennetTomb_ds_L05
bennetTomb,bennetTomb_JPEG_L01
bennetTomb,bennetTomb_JPEG_L02
bennetTomb,bennetTomb_JPEG_L03
bennetTomb,bennetTomb_JPEG_L04
bennetTomb,bennetTomb_JPEG_L05
bennetTomb,bennetTomb_JPEG_L06
bennetTomb,bennetTomb_qpqtJPEG_L01
bennetTomb,bennetTomb_qpqtJPEG_L02
bennetTomb,bennetTomb_qpqtJPEG_L03
bennetTomb,bennetTomb_qpqtJPEG_L04
bennetTomb,bennetTomb_qpqtJPEG_L05
bennetTomb,bennetTomb_qpqtJPEG_L06
bennetTomb,bennetTomb_qpqtJPEG_L07
bennetTomb,bennetTomb_qpqtJPEG_L08
bennetTomb,bennetTomb_qpqtJPEG_L09
deadRose,deadRose_gn_L01
deadRose,deadRose_gn_L02
deadRose,deadRose_gn_L03
deadRose,deadRose_gn_L04
deadRose,deadRose_gn_L05
deadRose,deadRose_qp_L01
deadRose,deadRose_qp_L02
deadRose,deadRose_qp_L03
deadRose,deadRose_qp_L04
deadRose,deadRose_qp_L05
deadRose,deadRose_qpqt_L01
deadRose,deadRose_qpqt_L02
deadRose,deadRose_qpqt_L03
deadRose,deadRose_qpqt_L04
deadRose,deadRose_qpqt_L05
deadRose,deadRose_qpqt_L06
deadRose,deadRose_simp_L01
deadRose,deadRose_simp_L02
deadRose,deadRose_simp_L03
deadRose,deadRose_simp_L04
deadRose,deadRose_simp_L05
deadRose,deadRose_simpNoTex_L01
deadRose,deadRose_simpNoTex_L02
deadRose,deadRose_simpNoTex_L03
deadRose,deadRose_simpNoTex_L04
deadRose,deadRose_ds_L01
deadRose,deadRose_ds_L02
deadRose,deadRose_ds_L03
deadRose,deadRose_ds_L04
deadRose,deadRose_ds_L05
deadRose,deadRose_JPEG_L01
deadRose,deadRose_JPEG_L02
deadRose,deadRose_JPEG_L03
deadRose,deadRose_JPEG_L04
deadRose,deadRose_JPEG_L05
deadRose,deadRose_JPEG_L06
deadRose,deadRose_qpqtJPEG_L01
deadRose,deadRose_qpqtJPEG_L02
deadRose,deadRose_qpqtJPEG_L03
deadRose,deadRose_qpqtJPEG_L04
deadRose,deadRose_qpqtJPEG_L05
deadRose,deadRose_qpqtJPEG_L06
deadRose,deadRose_qpqtJPEG_L07
deadRose,deadRose_qpqtJPEG_L08
deadRose,deadRose_qpqtJPEG_L09
bread,bread_gn_L01
bread,bread_gn_L02
bread,bread_gn_L03
bread,bread_gn_L04
bread,bread_gn_L05
bread,bread_qp_L01
bread,bread_qp_L02
bread,bread_qp_L03
bread,bread_qp_L04
bread,bread_qp_L05
bread,bread_qpqt_L01
bread,bread_qpqt_L02
bread,bread_qpqt_L03
bread,bread_qpqt_L04
bread,bread_qpqt_L05
bread,bread_qpqt_L06
bread,bread_simp_L01
bread,bread_simp_L02
bread,bread_simp_L03
bread,bread_simp_L04
bread,bread_simp_L05
bread,bread_simpNoTex_L01
bread,bread_simpNoTex_L02
bread,bread_simpNoTex_L03
bread,bread_simpNoTex_L04
bread,bread_ds_L01
bread,bread_ds_L02
bread,bread_ds_L03
bread,bread_ds_L04
bread,bread_ds_L05
bread,bread_JPEG_L01
bread,bread_JPEG_L02
bread,bread_JPEG_L03
bread,bread_JPEG_L04
bread,bread_JPEG_L05
bread,bread_JPEG_L06
bread,bread_qpqtJPEG_L01
bread,bread_qpqtJPEG_L02
bread,bread_qpqtJPEG_L03
bread,bread_qpqtJPEG_L04
bread,bread_qpqtJPEG_L05
bread,bread_qpqtJPEG_L06
bread,bread_qpqtJPEG_L07
bread,bread_qpqtJPEG_L08
bread,bread_qpqtJPEG_L09
muscaDomestica,muscaDomestica_gn_L01
muscaDomestica,muscaDomestica_gn_L02
muscaDomestica,muscaDomestica_gn_L03
muscaDomestica,muscaDomestica_gn_L04
muscaDomestica,muscaDomestica_gn_L05
muscaDomestica,muscaDomestica_qp_L01
muscaDomestica,muscaDomestica_qp_L02
muscaDomestica,muscaDomestica_qp_L03
muscaDomestica,muscaDomestica_qp_L04
muscaDomestica,muscaDomestica_qp_L05
muscaDomestica,muscaDomestica_qpqt_L01
muscaDomestica,muscaDomestica_qpqt_L02
muscaDomestica,muscaDomestica_qpqt_L03
muscaDomestica,muscaDomestica_qpqt_L04
muscaDomestica,muscaDomestica_qpqt_L05
muscaDomestica,muscaDomestica_qpqt_L06
muscaDomestica,muscaDomestica_simp_L01
muscaDomestica,muscaDomestica_simp_L02
muscaDomestica,muscaDomestica_simp_L03
muscaDomestica,muscaDomestica_simp_L04
muscaDomestica,muscaDomestica_simp_L05
muscaDomestica,muscaDomestica_simpNoTex_L01
muscaDomestica,muscaDomestica_simpNoTex_L02
muscaDomestica,muscaDomestica_simpNoTex_L03
muscaDomestica,muscaDomestica_simpNoTex_L04
muscaDomestica,muscaDomestica_ds_L01
muscaDomestica,muscaDomestica_ds_L02
muscaDomestica,muscaDomestica_ds_L03
muscaDomestica,muscaDomestica_ds_L04
muscaDomestica,muscaDomestica_ds_L05
muscaDomestica,muscaDomestica_JPEG_L01
muscaDomestica,muscaDomestica_JPEG_L02
muscaDomestica,muscaDomestica_JPEG_L03
muscaDomestica,muscaDomestica_JPEG_L04
muscaDomestica,muscaDomestica_JPEG_L05
muscaDomestica,muscaDomestica_JPEG_L06
muscaDomestica,muscaDomestica_qpqtJPEG_L01
muscaDomestica,muscaDomestica_qpqtJPEG_L02
muscaDomestica,muscaDomestica_qpqtJPEG_L03
muscaDomestica,muscaDomestica_qpqtJPEG_L04
muscaDomestica,muscaDomestica_qpqtJPEG_L05
muscaDomestica,muscaDomestica_qpqtJPEG_L06
muscaDomestica,muscaDomestica_qpqtJPEG_L07
muscaDomestica,muscaDomestica_qpqtJPEG_L08
muscaDomestica,muscaDomestica_qpqtJPEG_L09
zakopaneChair,zakopaneChair_gn_L01
zakopaneChair,zakopaneChair_gn_L02
zakopaneChair,zakopaneChair_gn_L03
zakopaneChair,zakopaneChair_gn_L04
zakopaneChair,zakopaneChair_gn_L05
zakopaneChair,zakopaneChair_qp_L01
zakopaneChair,zakopaneChair_qp_L02
zakopaneChair,zakopaneChair_qp_L03
zakopaneChair,zakopaneChair_qp_L04
zakopaneChair,zakopaneChair_qp_L05
zakopaneChair,zakopaneChair_qpqt_L01
zakopaneChair,zakopaneChair_qpqt_L02
zakopaneChair,zakopaneChair_qpqt_L03
zakopaneChair,zakopaneChair_qpqt_L04
zakopaneChair,zakopaneChair_qpqt_L05
zakopaneChair,zakopaneChair_qpqt_L06
zakopaneChair,zakopaneChair_simp_L01
zakopaneChair,zakopaneChair_simp_L02
zakopaneChair,zakopaneChair_simp_L03
zakopaneChair,zakopaneChair_simp_L04
zakopaneChair,zakopaneChair_simp_L05
zakopaneChair,zakopaneChair_simpNoTex_L01
zakopaneChair,zakopaneChair_simpNoTex_L02
zakopaneChair,zakopaneChair_simpNoTex_L03
zakopaneChair,zakopaneChair_simpNoTex_L04
zakopaneChair,zakopaneChair_ds_L01
zakopaneChair,zakopaneChair_ds_L02
zakopaneChair,zakopaneChair_ds_L03
zakopaneChair,zakopaneChair_ds_L04
zakopaneChair,zakopaneChair_ds_L05
zakopaneChair,zakopaneChair_JPEG_L01
zakopaneChair,zakopaneChair_JPEG_L02
zakopaneChair,zakopaneChair_JPEG_L03
zakopaneChair,zakopaneChair_JPEG_L04
zakopaneChair,zakopaneChair_JPEG_L05
zakopaneChair,zakopaneChair_JPEG_L06
zakopaneChair,zakopaneChair_qpqtJPEG_L01
zakopaneChair,zakopaneChair_qpqtJPEG_L02
zakopaneChair,zakopaneChair_qpqtJPEG_L03
zakopaneChair,zakopaneChair_qpqtJPEG_L04
zakopaneChair,zakopaneChair_qpqtJPEG_L05
zakopaneChair,zakopaneChair_qpqtJPEG_L06
zakopaneChair,zakopaneChair_qpqtJPEG_L07
zakopaneChair,zakopaneChair_qpqtJPEG_L08
zakopaneChair,zakopaneChair_qpqtJPEG_L09
elena,elena_gn_L01
elena,elena_gn_L02
elena,elena_gn_L03
elena,elena_gn_L04
elena,elena_gn_L05
elena,elena_qp_L01
elena,elena_qp_L02
elena,elena_qp_L03
elena,elena_qp_L04
elena,elena_qp_L05
elena,elena_qpqt_L01
elena,elena_qpqt_L02
elena,elena_qpqt_L03
elena,elena_qpqt_L04
elena,elena_qpqt_L05
elena,elena_qpqt_L06
elena,elena_simp_L01
elena,elena_simp_L02
elena,elena_simp_L03
elena,elena_simp_L04
elena,elena_simp_L05
elena,elena_simpNoTex_L01
elena,elena_simpNoTex_L02
elena,elena_simpNoTex_L03
elena,elena_simpNoTex_L04
elena,elena_ds_L01
elena,elena_ds_L02
elena,elena_ds_L03
elena,elena_ds_L04
elena,elena_ds_L05
elena,elena_JPEG_L01
elena,elena_JPEG_L02
elena,elena_JPEG_L03
elena,elena_JPEG_L04
elena,elena_JPEG_L05
elena,elena_JPEG_L06
elena,elena_qpqtJPEG_L01
elena,elena_qpqtJPEG_L02
elena,elena_qpqtJPEG_L03
elena,elena_qpqtJPEG_L04
elena,elena_qpqtJPEG_L05
elena,elena_qpqtJPEG_L06
elena,elena_qpqtJPEG_L07
elena,elena_qpqtJPEG_L08
elena,elena_qpqtJPEG_L09
winterGirl,winterGirl_gn_L01
winterGirl,winterGirl_gn_L02
winterGirl,winterGirl_gn_L03
winterGirl,winterGirl_gn_L04
winterGirl,winterGirl_gn_L05
winterGirl,winterGirl_qp_L01
winterGirl,winterGirl_qp_L02
winterGirl,winterGirl_qp_L03
winterGirl,winterGirl_qp_L04
winterGirl,winterGirl_qp_L05
winterGirl,winterGirl_qpqt_L01
winterGirl,winterGirl_qpqt_L02
winterGirl,winterGirl_qpqt_L03
winterGirl,winterGirl_qpqt_L04
winterGirl,winterGirl_qpqt_L05
winterGirl,winterGirl_qpqt_L06
winterGirl,winterGirl_simp_L01
winterGirl,winterGirl_simp_L02
winterGirl,winterGirl_simp_L03
winterGirl,winterGirl_simp_L04
winterGirl,winterGirl_simp_L05
winterGirl,winterGirl_simpNoTex_L01
winterGirl,winterGirl_simpNoTex_L02
winterGirl,winterGirl_simpNoTex_L03
winterGirl,winterGirl_simpNoTex_L04
winterGirl,winterGirl_ds_L01
winterGirl,winterGirl_ds_L02
winterGirl,winterGirl_ds_L03
winterGirl,winterGirl_ds_L04
winterGirl,winterGirl_ds_L05
winterGirl,winterGirl_JPEG_L01
winterGirl,winterGirl_JPEG_L02
winterGirl,winterGirl_JPEG_L03
winterGirl,winterGirl_JPEG_L04
winterGirl,winterGirl_JPEG_L05
winterGirl,winterGirl_JPEG_L06
winterGirl,winterGirl_qpqtJPEG_L01
winterGirl,winterGirl_qpqtJPEG_L02
winterGirl,winterGirl_qpqtJPEG_L03
winterGirl,winterGirl_qpqtJPEG_L04
winterGirl,winterGirl_qpqtJPEG_L05
winterGirl,winterGirl_qpqtJPEG_L06
winterGirl,winterGirl_qpqtJPEG_L07
winterGirl,winterGirl_qpqtJPEG_L08
winterGirl,winterGirl_qpqtJPEG_L09
beautyLady,beautyLady_gn_L01
beautyLady,beautyLady_gn_L02
beautyLady,beautyLady_gn_L03
beautyLady,beautyLady_gn_L04
beautyLady,beautyLady_gn_L05
beautyLady,beautyLady_qp_L01
beautyLady,beautyLady_qp_L02
beautyLady,beautyLady_qp_L03
beautyLady,beautyLady_qp_L04
beautyLady,beautyLady_qp_L05
beautyLady,beautyLady_qpqt_L01
beautyLady,beautyLady_qpqt_L02
beautyLady,beautyLady_qpqt_L03
beautyLady,beautyLady_qpqt_L04
beautyLady,beautyLady_qpqt_L05
beautyLady,beautyLady_qpqt_L06
beautyLady,beautyLady_simp_L01
beautyLady,beautyLady_simp_L02
beautyLady,beautyLady_simp_L03
beautyLady,beautyLady_simp_L04
beautyLady,beautyLady_simp_L05
beautyLady,beautyLady_simpNoTex_L01
beautyLady,beautyLady_simpNoTex_L02
beautyLady,beautyLady_simpNoTex_L03
beautyLady,beautyLady_simpNoTex_L04
beautyLady,beautyLady_ds_L01
beautyLady,beautyLady_ds_L02
beautyLady,beautyLady_ds_L03
beautyLady,beautyLady_ds_L04
beautyLady,beautyLady_ds_L05
beautyLady,beautyLady_JPEG_L01
beautyLady,beautyLady_JPEG_L02
beautyLady,beautyLady_JPEG_L03
beautyLady,beautyLady_JPEG_L04
beautyLady,beautyLady_JPEG_L05
beautyLady,beautyLady_JPEG_L06
beautyLady,beautyLady_qpqtJPEG_L01
beautyLady,beautyLady_qpqtJPEG_L02
beautyLady,beautyLady_qpqtJPEG_L03
beautyLady,beautyLady_qpqtJPEG_L04
beautyLady,beautyLady_qpqtJPEG_L05
beautyLady,beautyLady_qpqtJPEG_L06
beautyLady,beautyLady_qpqtJPEG_L07
beautyLady,beautyLady_qpqtJPEG_L08
beautyLady,beautyLady_qpqtJPEG_L09
watermelon,watermelon_gn_L01
watermelon,watermelon_gn_L02
watermelon,watermelon_gn_L03
watermelon,watermelon_gn_L04
watermelon,watermelon_gn_L05
watermelon,watermelon_qp_L01
watermelon,watermelon_qp_L02
watermelon,watermelon_qp_L03
watermelon,watermelon_qp_L04
watermelon,watermelon_qp_L05
watermelon,watermelon_qpqt_L01
watermelon,watermelon_qpqt_L02
watermelon,watermelon_qpqt_L03
watermelon,watermelon_qpqt_L04
watermelon,watermelon_qpqt_L05
watermelon,watermelon_qpqt_L06
watermelon,watermelon_simp_L01
watermelon,watermelon_simp_L02
watermelon,watermelon_simp_L03
watermelon,watermelon_simp_L04
watermelon,watermelon_simp_L05
watermelon,watermelon_simpNoTex_L01
watermelon,watermelon_simpNoTex_L02
watermelon,watermelon_simpNoTex_L03
watermelon,watermelon_simpNoTex_L04
watermelon,watermelon_ds_L01
watermelon,watermelon_ds_L02
watermelon,watermelon_ds_L03
watermelon,watermelon_ds_L04
watermelon,watermelon_ds_L05
watermelon,watermelon_JPEG_L01
watermelon,watermelon_JPEG_L02
watermelon,watermelon_JPEG_L03
watermelon,watermelon_JPEG_L04
watermelon,watermelon_JPEG_L05
watermelon,watermelon_JPEG_L06
watermelon,watermelon_qpqtJPEG_L01
watermelon,watermelon_qpqtJPEG_L02
watermelon,watermelon_qpqtJPEG_L03
watermelon,watermelon_qpqtJPEG_L04
watermelon,watermelon_qpqtJPEG_L05
watermelon,watermelon_qpqtJPEG_L06
watermelon,watermelon_qpqtJPEG_L07
watermelon,watermelon_qpqtJPEG_L08
watermelon,watermelon_qpqtJPEG_L09
airplane,airplane_gn_L01
airplane,airplane_gn_L02
airplane,airplane_gn_L03
airplane,airplane_gn_L04
airplane,airplane_gn_L05
airplane,airplane_qp_L01
airplane,airplane_qp_L02
airplane,airplane_qp_L03
airplane,airplane_qp_L04
airplane,airplane_qp_L05
airplane,airplane_qpqt_L01
airplane,airplane_qpqt_L02
airplane,airplane_qpqt_L03
airplane,airplane_qpqt_L04
airplane,airplane_qpqt_L05
airplane,airplane_qpqt_L06
airplane,airplane_simp_L01
airplane,airplane_simp_L02
airplane,airplane_simp_L03
airplane,airplane_simp_L04
airplane,airplane_simp_L05
airplane,airplane_simpNoTex_L01
airplane,airplane_simpNoTex_L02
airplane,airplane_simpNoTex_L03
airplane,airplane_simpNoTex_L04
airplane,airplane_ds_L01
airplane,airplane_ds_L02
airplane,airplane_ds_L03
airplane,airplane_ds_L04
airplane,airplane_ds_L05
airplane,airplane_JPEG_L01
airplane,airplane_JPEG_L02
airplane,airplane_JPEG_L03
airplane,airplane_JPEG_L04
airplane,airplane_JPEG_L05
airplane,airplane_JPEG_L06
airplane,airplane_qpqtJPEG_L01
airplane,airplane_qpqtJPEG_L02
airplane,airplane_qpqtJPEG_L03
airplane,airplane_qpqtJPEG_L04
airplane,airplane_qpqtJPEG_L05
airplane,airplane_qpqtJPEG_L06
airplane,airplane_qpqtJPEG_L07
airplane,airplane_qpqtJPEG_L08
airplane,airplane_qpqtJPEG_L09
hawk,hawk_gn_L01
hawk,hawk_gn_L02
hawk,hawk_gn_L03
hawk,hawk_gn_L04
hawk,hawk_gn_L05
hawk,hawk_qp_L01
hawk,hawk_qp_L02
hawk,hawk_qp_L03
hawk,hawk_qp_L04
hawk,hawk_qp_L05
hawk,hawk_qpqt_L01
hawk,hawk_qpqt_L02
hawk,hawk_qpqt_L03
hawk,hawk_qpqt_L04
hawk,hawk_qpqt_L05
hawk,hawk_qpqt_L06
hawk,hawk_simp_L01
hawk,hawk_simp_L02
hawk,hawk_simp_L03
hawk,hawk_simp_L04
hawk,hawk_simp_L05
hawk,hawk_simpNoTex_L01
hawk,hawk_simpNoTex_L02
hawk,hawk_simpNoTex_L03
hawk,hawk_simpNoTex_L04
hawk,hawk_ds_L01
hawk,hawk_ds_L02
hawk,hawk_ds_L03
hawk,hawk_ds_L04
hawk,hawk_ds_L05
hawk,hawk_JPEG_L01
hawk,hawk_JPEG_L02
hawk,hawk_JPEG_L03
hawk,hawk_JPEG_L04
hawk,hawk_JPEG_L05
hawk,hawk_JPEG_L06
hawk,hawk_qpqtJPEG_L01
hawk,hawk_qpqtJPEG_L02
hawk,hawk_qpqtJPEG_L03
hawk,hawk_qpqtJPEG_L04
hawk,hawk_qpqtJPEG_L05
hawk,hawk_qpqtJPEG_L06
hawk,hawk_qpqtJPEG_L07
hawk,hawk_qpqtJPEG_L08
hawk,hawk_qpqtJPEG_L09
rafa,rafa_gn_L01
rafa,rafa_gn_L02
rafa,rafa_gn_L03
rafa,rafa_gn_L04
rafa,rafa_gn_L05
rafa,rafa_qp_L01
rafa,rafa_qp_L02
rafa,rafa_qp_L03
rafa,rafa_qp_L04
rafa,rafa_qp_L05
rafa,rafa_qpqt_L01
rafa,rafa_qpqt_L02
rafa,rafa_qpqt_L03
rafa,rafa_qpqt_L04
rafa,rafa_qpqt_L05
rafa,rafa_qpqt_L06
rafa,rafa_simp_L01
rafa,rafa_simp_L02
rafa,rafa_simp_L03
rafa,rafa_simp_L04
rafa,rafa_simp_L05
rafa,rafa_simpNoTex_L01
rafa,rafa_simpNoTex_L02
rafa,rafa_simpNoTex_L03
rafa,rafa_simpNoTex_L04
rafa,rafa_ds_L01
rafa,rafa_ds_L02
rafa,rafa_ds_L03
rafa,rafa_ds_L04
rafa,rafa_ds_L05
rafa,rafa_JPEG_L01
rafa,rafa_JPEG_L02
rafa,rafa_JPEG_L03
rafa,rafa_JPEG_L04
rafa,rafa_JPEG_L05
rafa,rafa_JPEG_L06
rafa,rafa_qpqtJPEG_L01
rafa,rafa_qpqtJPEG_L02
rafa,rafa_qpqtJPEG_L03
rafa,rafa_qpqtJPEG_L04
rafa,rafa_qpqtJPEG_L05
rafa,rafa_qpqtJPEG_L06
rafa,rafa_qpqtJPEG_L07
rafa,rafa_qpqtJPEG_L08
rafa,rafa_qpqtJPEG_L09
fruitSet,fruitSet_gn_L01
fruitSet,fruitSet_gn_L02
fruitSet,fruitSet_gn_L03
fruitSet,fruitSet_gn_L04
fruitSet,fruitSet_gn_L05
fruitSet,fruitSet_qp_L01
fruitSet,fruitSet_qp_L02
fruitSet,fruitSet_qp_L03
fruitSet,fruitSet_qp_L04
fruitSet,fruitSet_qp_L05
fruitSet,fruitSet_qpqt_L01
fruitSet,fruitSet_qpqt_L02
fruitSet,fruitSet_qpqt_L03
fruitSet,fruitSet_qpqt_L04
fruitSet,fruitSet_qpqt_L05
fruitSet,fruitSet_qpqt_L06
fruitSet,fruitSet_simp_L01
fruitSet,fruitSet_simp_L02
fruitSet,fruitSet_simp_L03
fruitSet,fruitSet_simp_L04
fruitSet,fruitSet_simp_L05
fruitSet,fruitSet_simpNoTex_L01
fruitSet,fruitSet_simpNoTex_L02
fruitSet,fruitSet_simpNoTex_L03
fruitSet,fruitSet_simpNoTex_L04
fruitSet,fruitSet_ds_L01
fruitSet,fruitSet_ds_L02
fruitSet,fruitSet_ds_L03
fruitSet,fruitSet_ds_L04
fruitSet,fruitSet_ds_L05
fruitSet,fruitSet_JPEG_L01
fruitSet,fruitSet_JPEG_L02
fruitSet,fruitSet_JPEG_L03
fruitSet,fruitSet_JPEG_L04
fruitSet,fruitSet_JPEG_L05
fruitSet,fruitSet_JPEG_L06
fruitSet,fruitSet_qpqtJPEG_L01
fruitSet,fruitSet_qpqtJPEG_L02
fruitSet,fruitSet_qpqtJPEG_L03
fruitSet,fruitSet_qpqtJPEG_L04
fruitSet,fruitSet_qpqtJPEG_L05
fruitSet,fruitSet_qpqtJPEG_L06
fruitSet,fruitSet_qpqtJPEG_L07
fruitSet,fruitSet_qpqtJPEG_L08
fruitSet,fruitSet_qpqtJPEG_L09
plant,plant_gn_L01
plant,plant_gn_L02
plant,plant_gn_L03
plant,plant_gn_L04
plant,plant_gn_L05
plant,plant_qp_L01
plant,plant_qp_L02
plant,plant_qp_L03
plant,plant_qp_L04
plant,plant_qp_L05
plant,plant_qpqt_L01
plant,plant_qpqt_L02
plant,plant_qpqt_L03
plant,plant_qpqt_L04
plant,plant_qpqt_L05
plant,plant_qpqt_L06
plant,plant_simp_L01
plant,plant_simp_L02
plant,plant_simp_L03
plant,plant_simp_L04
plant,plant_simp_L05
plant,plant_simpNoTex_L01
plant,plant_simpNoTex_L02
plant,plant_simpNoTex_L03
plant,plant_simpNoTex_L04
plant,plant_ds_L01
plant,plant_ds_L02
plant,plant_ds_L03
plant,plant_ds_L04
plant,plant_ds_L05
plant,plant_JPEG_L01
plant,plant_JPEG_L02
plant,plant_JPEG_L03
plant,plant_JPEG_L04
plant,plant_JPEG_L05
plant,plant_JPEG_L06
plant,plant_qpqtJPEG_L01
plant,plant_qpqtJPEG_L02
plant,plant_qpqtJPEG_L03
plant,plant_qpqtJPEG_L04
plant,plant_qpqtJPEG_L05
plant,plant_qpqtJPEG_L06
plant,plant_qpqtJPEG_L07
plant,plant_qpqtJPEG_L08
plant,plant_qpqtJPEG_L09
violin,violin_gn_L01
violin,violin_gn_L02
violin,violin_gn_L03
violin,violin_gn_L04
violin,violin_gn_L05
violin,violin_qp_L01
violin,violin_qp_L02
violin,violin_qp_L03
violin,violin_qp_L04
violin,violin_qp_L05
violin,violin_qpqt_L01
violin,violin_qpqt_L02
violin,violin_qpqt_L03
violin,violin_qpqt_L04
violin,violin_qpqt_L05
violin,violin_qpqt_L06
violin,violin_simp_L01
violin,violin_simp_L02
violin,violin_simp_L03
violin,violin_simp_L04
violin,violin_simp_L05
violin,violin_simpNoTex_L01
violin,violin_simpNoTex_L02
violin,violin_simpNoTex_L03
violin,violin_simpNoTex_L04
violin,violin_ds_L01
violin,violin_ds_L02
violin,violin_ds_L03
violin,violin_ds_L04
violin,violin_ds_L05
violin,violin_JPEG_L01
violin,violin_JPEG_L02
violin,violin_JPEG_L03
violin,violin_JPEG_L04
violin,violin_JPEG_L05
violin,violin_JPEG_L06
violin,violin_qpqtJPEG_L01
violin,violin_qpqtJPEG_L02
violin,violin_qpqtJPEG_L03
violin,violin_qpqtJPEG_L04
violin,violin_qpqtJPEG_L05
violin,violin_qpqtJPEG_L06
violin,violin_qpqtJPEG_L07
violin,violin_qpqtJPEG_L08
violin,violin_qpqtJPEG_L09
vaso,vaso_gn_L01
vaso,vaso_gn_L02
vaso,vaso_gn_L03
vaso,vaso_gn_L04
vaso,vaso_gn_L05
vaso,vaso_qp_L01
vaso,vaso_qp_L02
vaso,vaso_qp_L03
vaso,vaso_qp_L04
vaso,vaso_qp_L05
vaso,vaso_qpqt_L01
vaso,vaso_qpqt_L02
vaso,vaso_qpqt_L03
vaso,vaso_qpqt_L04
vaso,vaso_qpqt_L05
vaso,vaso_qpqt_L06
vaso,vaso_simp_L01
vaso,vaso_simp_L02
vaso,vaso_simp_L03
vaso,vaso_simp_L04
vaso,vaso_simp_L05
vaso,vaso_simpNoTex_L01
vaso,vaso_simpNoTex_L02
vaso,vaso_simpNoTex_L03
vaso,vaso_simpNoTex_L04
vaso,vaso_ds_L01
vaso,vaso_ds_L02
vaso,vaso_ds_L03
vaso,vaso_ds_L04
vaso,vaso_ds_L05
vaso,vaso_JPEG_L01
vaso,vaso_JPEG_L02
vaso,vaso_JPEG_L03
vaso,vaso_JPEG_L04
vaso,vaso_JPEG_L05
vaso,vaso_JPEG_L06
vaso,vaso_qpqtJPEG_L01
vaso,vaso_qpqtJPEG_L02
vaso,vaso_qpqtJPEG_L03
vaso,vaso_qpqtJPEG_L04
vaso,vaso_qpqtJPEG_L05
vaso,vaso_qpqtJPEG_L06
vaso,vaso_qpqtJPEG_L07
vaso,vaso_qpqtJPEG_L08
vaso,vaso_qpqtJPEG_L09
antinous,antinous_gn_L01
antinous,antinous_gn_L02
antinous,antinous_gn_L03
antinous,antinous_gn_L04
antinous,antinous_gn_L05
antinous,antinous_qp_L01
antinous,antinous_qp_L02
antinous,antinous_qp_L03
antinous,antinous_qp_L04
antinous,antinous_qp_L05
antinous,antinous_qpqt_L01
antinous,antinous_qpqt_L02
antinous,antinous_qpqt_L03
antinous,antinous_qpqt_L04
antinous,antinous_qpqt_L05
antinous,antinous_qpqt_L06
antinous,antinous_simp_L01
antinous,antinous_simp_L02
antinous,antinous_simp_L03
antinous,antinous_simp_L04
antinous,antinous_simp_L05
antinous,antinous_simpNoTex_L01
antinous,antinous_simpNoTex_L02
antinous,antinous_simpNoTex_L03
antinous,antinous_simpNoTex_L04
antinous,antinous_ds_L01
antinous,antinous_ds_L02
antinous,antinous_ds_L03
antinous,antinous_ds_L04
antinous,antinous_ds_L05
antinous,antinous_JPEG_L01
antinous,antinous_JPEG_L02
antinous,antinous_JPEG_L03
antinous,antinous_JPEG_L04
antinous,antinous_JPEG_L05
antinous,antinous_JPEG_L06
antinous,antinous_qpqtJPEG_L01
antinous,antinous_qpqtJPEG_L02
antinous,antinous_qpqtJPEG_L03
antinous,antinous_qpqtJPEG_L04
antinous,antinous_qpqtJPEG_L05
antinous,antinous_qpqtJPEG_L06
antinous,antinous_qpqtJPEG_L07
antinous,antinous_qpqtJPEG_L08
antinous,antinous_qpqtJPEG_L09
tastyFood,tastyFood_gn_L01
tastyFood,tastyFood_gn_L02
tastyFood,tastyFood_gn_L03
tastyFood,tastyFood_gn_L04
tastyFood,tastyFood_gn_L05
tastyFood,tastyFood_qp_L01
tastyFood,tastyFood_qp_L02
tastyFood,tastyFood_qp_L03
tastyFood,tastyFood_qp_L04
tastyFood,tastyFood_qp_L05
tastyFood,tastyFood_qpqt_L01
tastyFood,tastyFood_qpqt_L02
tastyFood,tastyFood_qpqt_L03
tastyFood,tastyFood_qpqt_L04
tastyFood,tastyFood_qpqt_L05
tastyFood,tastyFood_qpqt_L06
tastyFood,tastyFood_simp_L01
tastyFood,tastyFood_simp_L02
tastyFood,tastyFood_simp_L03
tastyFood,tastyFood_simp_L04
tastyFood,tastyFood_simp_L05
tastyFood,tastyFood_simpNoTex_L01
tastyFood,tastyFood_simpNoTex_L02
tastyFood,tastyFood_simpNoTex_L03
tastyFood,tastyFood_simpNoTex_L04
tastyFood,tastyFood_ds_L01
tastyFood,tastyFood_ds_L02
tastyFood,tastyFood_ds_L03
tastyFood,tastyFood_ds_L04
tastyFood,tastyFood_ds_L05
tastyFood,tastyFood_JPEG_L01
tastyFood,tastyFood_JPEG_L02
tastyFood,tastyFood_JPEG_L03
tastyFood,tastyFood_JPEG_L04
tastyFood,tastyFood_JPEG_L05
tastyFood,tastyFood_JPEG_L06
tastyFood,tastyFood_qpqtJPEG_L01
tastyFood,tastyFood_qpqtJPEG_L02
tastyFood,tastyFood_qpqtJPEG_L03
tastyFood,tastyFood_qpqtJPEG_L04
tastyFood,tastyFood_qpqtJPEG_L05
tastyFood,tastyFood_qpqtJPEG_L06
tastyFood,tastyFood_qpqtJPEG_L07
tastyFood,tastyFood_qpqtJPEG_L08
tastyFood,tastyFood_qpqtJPEG_L09
